{"valence_means": [0.42344848939821345, 0.41904608152512, 0.4108425963147806, 0.42594338345639887, 0.4184681166847923, 0.42045357895573193, 0.41571965383273496, 0.41395664445381913, 0.42368711071389886, 0.4242660957038123, 0.4146455623019114, 0.4142061411412299, 0.4084933322905671, 0.4142602651500998, 0.4127997744147876, 0.41289102753470075, 0.4119358534203496, 0.410007782291082, 0.4198997309030465, 0.4165513285276844, 0.41412384530478574, 0.41721895933347497, 0.4107042225544968, 0.4247817779631813, 0.41459697610536056, 0.41485007156018194, 0.4169288795913368, 0.41105084179392964, 0.42510480174460646, 0.4160709868107109, 0.4189583934215321, 0.4189994724384616, 0.41162763266648317, 0.42080020464607054, 0.4134528182865102], "valence_stds": [0.1649183115425128, 0.1660256174154098, 0.16735388843704488, 0.16842454215393038, 0.16731757049838794, 0.167883469400146, 0.16503444584498494, 0.16729724787865574, 0.16714302555195906, 0.16740089164628108, 0.16834467357557206, 0.1671817813792395, 0.16563153055948282, 0.1670306610155667, 0.1673546772724683, 0.1651000282717883, 0.16456650017469907, 0.16593123507513244, 0.16747307331524366, 0.16535811968496003, 0.16720459381633732, 0.16640310868047106, 0.16582522240423075, 0.16569064563811842, 0.16800703609573184, 0.16626302135538892, 0.16808660640595904, 0.16632023716649028, 0.16719705062142412, 0.16728835576069476, 0.16577640644206434, 0.17123783074037974, 0.16631020172412986, 0.16941587125281776, 0.16568170992229814], "arousal_means": [0.5579841235623234, 0.5526330245704371, 0.5552547221957019, 0.5507402855645464, 0.5538079936726714, 0.5622252009599044, 0.5521108383754323, 0.5517468048908118, 0.551840852725733, 0.5520812475241516, 0.5630202371940078, 0.5566500749909203, 0.5580880849224501, 0.5551692880440764, 0.5584644054608185, 0.5606812829423173, 0.5553956019110795, 0.5535728817865253, 0.5515034834325678, 0.5540651105213336, 0.5607146773047843, 0.5544459031905014, 0.5555751436448751, 0.5494517063439143, 0.5547034283444524, 0.5583660260251739, 0.5540652505767892, 0.5563671468251463, 0.5482502192316825, 0.5563475155389068, 0.5642465455605856, 0.5551633846868532, 0.558031516453923, 0.5500771974167785, 0.556665014252048], "arousal_stds": [0.11642502649505097, 0.11654117028212578, 0.11824127250388707, 0.11648597482037729, 0.11701113865845802, 0.11671899313821128, 0.11683208876808843, 0.11750173981840838, 0.11639212180460096, 0.11634692957397645, 0.1178439910754559, 0.1184936201753507, 0.11821706394182062, 0.11836746100120132, 0.11830842376863264, 0.11739556602596501, 0.11723912289171905, 0.1161002389814195, 0.1164162040448582, 0.11653483998936903, 0.11852653014551637, 0.1169462941120261, 0.11707522596798467, 0.11629544954630805, 0.11843764010408042, 0.11570597920144363, 0.11735244500447414, 0.11749286266112575, 0.11647340343357528, 0.11688347844820712, 0.1157704538772547, 0.11852534315266466, 0.1179730151310091, 0.11735389683833311, 0.11401158306758533], "dominance_means": [0.5006750302674193, 0.4909763397446141, 0.4878007172190228, 0.490664534030846, 0.4929072978131329, 0.5048387178244462, 0.4908005927432819, 0.48909821487831956, 0.49445540880139777, 0.49405125733638117, 0.5054714490200505, 0.4967979296050212, 0.4951773889115888, 0.4955753721134793, 0.49734430481414854, 0.5004660873741142, 0.49700597289292725, 0.49101771487031554, 0.4918264611954794, 0.4947349066768812, 0.5019500501615658, 0.49458902301318686, 0.4922675426879267, 0.494530387118556, 0.49479952060227794, 0.4991874632154569, 0.4937060812389586, 0.4930261896305605, 0.4906822194884913, 0.49415961790050333, 0.5039442807312577, 0.49367631971019127, 0.49489226651225554, 0.4917664527226751, 0.4931303832909936], "dominance_stds": [0.10859283824296458, 0.10607150179794009, 0.10550538541001789, 0.10686964367665668, 0.10565718214934168, 0.10913208638284219, 0.10598308717216225, 0.10497168233253704, 0.10617868643198605, 0.10589955333057427, 0.10833335940385108, 0.10485995618245363, 0.10568597654757801, 0.10515057975541726, 0.10573723549731864, 0.10726615541630574, 0.10462726567939248, 0.10540240524848303, 0.10446552191294922, 0.1046431998550808, 0.10723745605241053, 0.1053836084281326, 0.10527379721344013, 0.10580773361759213, 0.10488274440088126, 0.10620112443565755, 0.10508971504268719, 0.1052143438599632, 0.10525593727102735, 0.10511827970385101, 0.10844105600759339, 0.10434165698785552, 0.10571951515198628, 0.10413950149140296, 0.10460212469979017]}