{"valence_means": [0.381979134103593, 0.41188011404055713, 0.3793702600664553, 0.39073887587946, 0.38364948434696255, 0.3893043511948779, 0.3920521753827249, 0.39350267908714187, 0.3941415518776779, 0.39495216083559703, 0.40322330506930787, 0.39800437420253315, 0.39600430818092525, 0.4062453111431761, 0.4020463986041642], "valence_stds": [0.15527190441884534, 0.16089795387598255, 0.1545840102193331, 0.15976488730671862, 0.16009261143343026, 0.15955727234271128, 0.1584063309395479, 0.15972302078616843, 0.1601095152385445, 0.15926702552862163, 0.16143545000124496, 0.1602353023869359, 0.16299884740689435, 0.1626616699680234, 0.16186592694665605], "arousal_means": [0.5532557649827377, 0.5652528220899172, 0.5659094264611624, 0.5567608673419524, 0.5587981396114844, 0.5572978891403918, 0.5560100944924311, 0.5561773796477295, 0.5527649605831666, 0.5533556280026147, 0.5523847798195518, 0.5525809593678844, 0.5544843298702712, 0.5538927623830985, 0.5536956149867688], "arousal_stds": [0.11582927857219756, 0.11794255084748421, 0.11488625307229414, 0.1226860257438804, 0.12054123975237811, 0.12061392645628174, 0.11942395105258977, 0.11985333387369314, 0.11878832713112174, 0.11998365029263108, 0.1197596791188457, 0.12122051727890308, 0.11873504080966824, 0.11874973225511973, 0.11825867604444233], "dominance_means": [0.4886946920971522, 0.500256958830082, 0.4902488086504683, 0.48829776282948734, 0.48741585682805444, 0.49275686765777543, 0.48376308913513333, 0.48767493654513533, 0.484617213985206, 0.4852781832115462, 0.4910670900991505, 0.48483996235909615, 0.48748300901335895, 0.4897785639820906, 0.48876182038022026], "dominance_stds": [0.10115991185306795, 0.10047051750562795, 0.09571903183423296, 0.10392897362333832, 0.10269601664127395, 0.10237270372500402, 0.1011857999691406, 0.10109086493339821, 0.10375917938630831, 0.10388351340878517, 0.10209499099181672, 0.10294811164816396, 0.10211488196054007, 0.10158128560028251, 0.10373264788942108]}