{"valence_means": [0.3819791310073996, 0.4118801188959067, 0.37937026652876693, 0.3907388735610601, 0.383649497515743, 0.389304349942693, 0.39205217419992316, 0.39350267939771244, 0.3941415557340241, 0.3949521626151343, 0.4032233061506431, 0.39800437122824905, 0.3960043075284013, 0.40624531159378674], "valence_stds": [0.15527190693931042, 0.16089795777989727, 0.15458401802907093, 0.15976488243605436, 0.16009260465422712, 0.15955727369146794, 0.15840633059736056, 0.15972302055731621, 0.1601095141290333, 0.15926702446513996, 0.16143544906009147, 0.16023530307395373, 0.16299884769454337, 0.1626616716411666], "arousal_means": [0.5532557679992025, 0.5652528165706281, 0.565909427797301, 0.5567608607714624, 0.5587981422374502, 0.5572978897093307, 0.5560100929737511, 0.5561773797936761, 0.552764962326495, 0.5533556275389658, 0.5523847771252822, 0.552580958723041, 0.5544843322487486, 0.5538927608000256], "arousal_stds": [0.11582927590582957, 0.11794255826851541, 0.1148862645220478, 0.12268602566780006, 0.12054125050626012, 0.12061392668051021, 0.11942395104010532, 0.11985333419692135, 0.11878832690574534, 0.11998365017452528, 0.11975968000375405, 0.12122051770864999, 0.11873504369279174, 0.11874973229342922], "dominance_means": [0.48869469361759965, 0.5002569672549919, 0.49024880102435225, 0.4882977555547684, 0.4874158617629273, 0.4927568668095359, 0.48376308976755206, 0.4876749375347466, 0.4846172177714845, 0.4852781827806288, 0.4910670882472886, 0.48483996136963214, 0.4874830125756207, 0.4897785638197704], "dominance_stds": [0.10115991225411407, 0.10047052176986082, 0.09571903005091366, 0.10392897236104758, 0.10269601753060256, 0.10237270508346549, 0.10118579781513744, 0.1010908677318265, 0.10375918165474236, 0.1038835130754439, 0.10209499286100453, 0.10294811205914056, 0.10211488447258638, 0.10158128408059992]}