{"valence_means": [0.41596312204768837, 0.41704864301964173, 0.4106063850130457, 0.42533605606657965, 0.41351249721320626, 0.4237376970411604, 0.41606234559437655, 0.4135890985070525, 0.41775497029055053, 0.41380431249291383, 0.42451564574419137, 0.4178791411124224, 0.4126316771014847, 0.41791650742222564, 0.41405400700107026], "valence_stds": [0.16579390278928025, 0.1647046593919819, 0.16633527662277744, 0.16745420683824833, 0.16685320678256998, 0.16556397495755193, 0.1666207298354873, 0.16696849703633707, 0.16716661446438721, 0.16613499079323893, 0.16462920526513333, 0.16619694334067345, 0.1674067821916334, 0.16592161369517477, 0.1668618053384864], "arousal_means": [0.5499165875323491, 0.547422770554042, 0.5526879338672165, 0.5462240622668841, 0.5503698804514627, 0.5526205218744051, 0.5521983408854202, 0.5541218991248462, 0.5513369558474084, 0.5532369517195699, 0.5552608923576411, 0.552748197462339, 0.5545239848582821, 0.5528724341025808, 0.5536036160662029], "arousal_stds": [0.11812503165845945, 0.11731240853203712, 0.1188996820103073, 0.11622928361805149, 0.11840416037307021, 0.11711281944450075, 0.11822991248413944, 0.11850263046940934, 0.1170566076562107, 0.1177607461974769, 0.11663071725106851, 0.11752410209478488, 0.11901864253618748, 0.11837099796776648, 0.1166140332057531], "dominance_means": [0.4936218909898949, 0.487955014583998, 0.48874456193747284, 0.49035146187567596, 0.48830885313507705, 0.4980425255105014, 0.4908708452993399, 0.49068503425966276, 0.4903887804043526, 0.4905765396410802, 0.49798997050060473, 0.4939564856504284, 0.49014957566122097, 0.4914239078037993, 0.4902288643419176], "dominance_stds": [0.10625694099252934, 0.10571685779164103, 0.10472896793941285, 0.1047186420427242, 0.10509999026169124, 0.10798663040938773, 0.1061254330843904, 0.10542476240521999, 0.10602831054627776, 0.10618446505881839, 0.10906146303760635, 0.10583645591595398, 0.10573063602650747, 0.10770630262575555, 0.10583175487751544]}